id;eps;maxEps;NDF;|R-k+NN|;|k+NN|;k+NN;
0;0.176701;0.787839;1.33333;4;3;7,2,1,
1;0.310711;0.947172;0.666667;2;3;7,0,2,
2;0.200977;0.866377;2;6;3;11,0,7,
3;0.0473451;1.33589;1.33333;4;3;9,4,8,
4;0.0386127;1.31991;1.33333;4;3;3,8,9,
5;0.349639;1.1452;0.666667;2;3;11,2,6,
6;0.662014;1.41421;0.333333;1;3;5,11,2,
7;0.200977;0.848311;1;3;3;0,1,2,
8;0.0645909;1.30028;1;3;3;4,3,9,
9;0.0645909;1.34868;1.33333;4;3;3,4,8,
10;0.129185;1.41421;0;0;3;9,3,4,
11;0.236007;0.943716;1;3;3;2,0,5,
