id;eps;maxEps;NDF;|R-k+NN|;|k+NN|;k+NN;
0;0.176701;0.176701;1.33333;4;3;7,2,1,
1;0.310711;0.310711;0.666667;2;3;7,0,2,
2;0.200977;0.200977;2;6;3;11,0,7,
3;0.0473451;0.0473451;1.33333;4;3;9,4,8,
4;0.0386127;0.0386127;1.33333;4;3;3,8,9,
5;0.349639;0.349639;0.666667;2;3;11,6,2,
6;0.662014;0.662014;0.333333;1;3;5,11,2,
7;0.200977;0.200977;1;3;3;0,1,2,
8;0.0645909;0.0645909;1;3;3;4,3,9,
9;0.0645909;0.0645909;1.33333;4;3;3,4,8,
10;0.129185;0.129185;0;0;3;9,3,4,
11;0.236007;0.236007;1;3;3;2,0,5,
