id;1 wspol.;2 wspol.;l. obliczen;typ punktu;CId;
0;0.371391;0.928477;28;1;0;
1;0.868243;0.496139;28;1;1;
2;0.8;0.6;28;1;1;
3;0.124035;0.992278;28;0;2;
4;0.371391;0.928477;28;1;0;
5;0.650791;0.759257;28;1;1;
6;0.351123;0.936329;28;1;0;
7;0.447214;0.894427;28;0;1;
8;0.287348;0.957826;28;-1;-1;
9;0.058722;0.998274;28;0;2;
10;0.0623783;0.998053;28;1;2;
11;0.106533;0.994309;28;1;2;
12;0.99995;0.0099995;28;-1;-1;
13;0.996815;0.0797452;28;-1;-1;
14;0.287348;0.957826;28;-1;-1;
