id;1 wspol.;2 wspol.;l. obliczen;typ punktu;CId;
0;0.724138;0.689655;8;1;0;
1;0.834219;0.551433;6;0;0;
2;0.624695;0.780869;10;1;0;
3;0.994183;0.107703;8;1;1;
4;0.991656;0.128915;8;1;1;
5;0.344255;0.938876;6;0;0;
6;0;1;5;-1;-1;
7;0.768221;0.640184;7;1;0;
8;0.987971;0.154639;7;1;1;
9;0.995893;0.0905357;8;1;1;
10;1;0;4;-1;-1;
11;0.5547;0.83205;7;1;0;
